tokens,hidden_size,implementation,latency_us
1,768,pytorch,64.32767868041992
1,768,naive,25.20064115524292
1,768,shared,25.824320316314697
1,4096,pytorch,64.49151992797852
1,4096,naive,71.30112171173096
1,4096,shared,72.36608028411865
128,768,pytorch,113.0515193939209
128,768,naive,87.193603515625
128,768,shared,81.76575660705566
128,4096,pytorch,99.09248352050781
128,4096,naive,422.79937744140625
128,4096,shared,411.9219207763672
2048,4096,pytorch,766.6073608398438
2048,4096,naive,1168.6809539794922
2048,4096,shared,1127.53662109375
